/*
 Navicat MySQL Data Transfer

 Source Server         : ukou
 Source Server Type    : MySQL
 Source Server Version : 50547
 Source Host           : localhost:3306
 Source Schema         : acgmusic

 Target Server Type    : MySQL
 Target Server Version : 50547
 File Encoding         : 65001

 Date: 11/09/2019 23:02:20
*/

SET NAMES utf8mb4;
SET FOREIGN_KEY_CHECKS = 0;

-- ----------------------------
-- Table structure for admin
-- ----------------------------
DROP TABLE IF EXISTS `admin`;
CREATE TABLE `admin`  (
  `username` varchar(255) CHARACTER SET utf8 COLLATE utf8_general_ci NOT NULL,
  `password` varchar(255) CHARACTER SET utf8 COLLATE utf8_general_ci NOT NULL,
  PRIMARY KEY (`username`) USING BTREE
) ENGINE = MyISAM CHARACTER SET = utf8 COLLATE = utf8_general_ci ROW_FORMAT = Dynamic;

-- ----------------------------
-- Records of admin
-- ----------------------------
INSERT INTO `admin` VALUES ('admin', 'admin');

-- ----------------------------
-- Table structure for bomb_record
-- ----------------------------
DROP TABLE IF EXISTS `bomb_record`;
CREATE TABLE `bomb_record`  (
  `record_id` int(255) NOT NULL AUTO_INCREMENT,
  `uid` int(255) NULL DEFAULT NULL,
  `another_uid` int(255) NULL DEFAULT NULL,
  `bomb_num` int(255) NOT NULL DEFAULT 0,
  `bomb_history` varchar(255) CHARACTER SET utf8 COLLATE utf8_general_ci NULL DEFAULT NULL,
  `bomb_time` timestamp NULL DEFAULT CURRENT_TIMESTAMP,
  PRIMARY KEY (`record_id`) USING BTREE,
  INDEX `fk_uid`(`uid`) USING BTREE,
  INDEX `fk_another_uid`(`another_uid`) USING BTREE
) ENGINE = MyISAM AUTO_INCREMENT = 109 CHARACTER SET = utf8 COLLATE = utf8_general_ci ROW_FORMAT = Dynamic;

-- ----------------------------
-- Records of bomb_record
-- ----------------------------
INSERT INTO `bomb_record` VALUES (1, 6, NULL, 0, '注册成功加10猫爪', '2019-08-30 09:13:32');
INSERT INTO `bomb_record` VALUES (2, 1, NULL, 198, '注册成功加10猫爪', '2019-08-30 09:13:46');
INSERT INTO `bomb_record` VALUES (12, 5, NULL, 10, '注册成功加10猫爪', '2019-08-30 10:13:55');
INSERT INTO `bomb_record` VALUES (9, 2, NULL, 40, '注册成功加10猫爪', '2019-08-30 10:11:59');
INSERT INTO `bomb_record` VALUES (10, 3, NULL, 149, '注册成功加10猫爪', '2019-08-30 10:07:07');
INSERT INTO `bomb_record` VALUES (11, 4, NULL, 10, '注册成功加10猫爪', '2019-08-30 11:07:11');
INSERT INTO `bomb_record` VALUES (14, 1, 6, 198, '你的作品：《《来自多彩世界的明天》DVD特典附赠曲【无损】》被打赏3猫爪', '2019-08-29 09:25:31');
INSERT INTO `bomb_record` VALUES (17, 6, 1, 0, '你给作品：《《来自多彩世界的明天》DVD特典附赠曲【无损】》打赏了5猫爪', '2019-08-29 15:19:52');
INSERT INTO `bomb_record` VALUES (16, 1, 6, 198, '你的作品：《《来自多彩世界的明天》DVD特典附赠曲【无损】》被打赏5猫爪', '2019-08-29 15:19:56');
INSERT INTO `bomb_record` VALUES (15, 6, 1, 0, '你给作品：《《来自多彩世界的明天》DVD特典附赠曲【无损】》打赏了3猫爪', '2019-08-29 16:49:52');
INSERT INTO `bomb_record` VALUES (20, 1, 6, 198, '你的作品：《《来自多彩世界的明天》DVD特典附赠曲【无损】》被打赏3猫爪', '2019-08-29 10:21:46');
INSERT INTO `bomb_record` VALUES (95, 2, NULL, 40, '登录成功加5猫爪', '2019-09-03 21:21:54');
INSERT INTO `bomb_record` VALUES (96, 1, NULL, 198, '登录成功加5猫爪', '2019-09-08 18:30:53');
INSERT INTO `bomb_record` VALUES (97, 1113, 0, 15, '注册成功加10猫爪', '2019-09-08 18:32:11');
INSERT INTO `bomb_record` VALUES (98, 1113, 0, 15, '登录成功加5猫爪', '2019-09-08 18:32:24');
INSERT INTO `bomb_record` VALUES (99, 1, NULL, 198, '登录成功加5猫爪', '2019-09-08 18:35:09');
INSERT INTO `bomb_record` VALUES (100, 1, NULL, 198, '登录成功加5猫爪', '2019-09-09 09:31:18');
INSERT INTO `bomb_record` VALUES (103, 1, NULL, 198, '登录成功加5猫爪', '2019-09-09 14:50:53');
INSERT INTO `bomb_record` VALUES (104, 1, NULL, 198, '登录成功加5猫爪', '2019-09-09 16:18:01');
INSERT INTO `bomb_record` VALUES (105, 1, NULL, 198, '登录成功加5猫爪', '2019-09-09 21:57:48');
INSERT INTO `bomb_record` VALUES (106, 1, NULL, 198, '登录成功加5猫爪', '2019-09-11 15:04:39');
INSERT INTO `bomb_record` VALUES (107, 1, NULL, 198, '登录成功加5猫爪', '2019-09-11 15:04:57');
INSERT INTO `bomb_record` VALUES (108, 1, NULL, 198, '登录成功加5猫爪', '2019-09-11 15:20:02');
INSERT INTO `bomb_record` VALUES (93, 1, NULL, 198, '登录成功加5猫爪', '2019-09-02 15:32:57');
INSERT INTO `bomb_record` VALUES (94, 1, NULL, 198, '登录成功加5猫爪', '2019-09-03 21:18:18');
INSERT INTO `bomb_record` VALUES (91, 2, NULL, 40, '登录成功加5猫爪', '2019-08-30 16:53:42');
INSERT INTO `bomb_record` VALUES (92, 2, NULL, 40, '登录成功加5猫爪', '2019-08-30 17:10:06');
INSERT INTO `bomb_record` VALUES (89, 2, NULL, 40, '登录成功加5猫爪', '2019-08-30 16:45:30');
INSERT INTO `bomb_record` VALUES (90, 2, NULL, 40, '登录成功加5猫爪', '2019-08-30 16:45:33');
INSERT INTO `bomb_record` VALUES (87, 1, NULL, 198, '登录成功加5猫爪', '2019-08-30 16:39:45');
INSERT INTO `bomb_record` VALUES (88, 2, NULL, 40, '登录成功加5猫爪', '2019-08-30 16:41:23');
INSERT INTO `bomb_record` VALUES (85, 1, NULL, 198, '登录成功加5猫爪', '2019-08-30 14:00:15');
INSERT INTO `bomb_record` VALUES (86, 1, NULL, 198, '登录成功加5猫爪', '2019-08-30 15:54:44');
INSERT INTO `bomb_record` VALUES (83, 1, NULL, 198, '登录成功加5猫爪', '2019-08-30 11:22:47');
INSERT INTO `bomb_record` VALUES (84, 1, NULL, 198, '登录成功加5猫爪', '2019-08-30 11:25:19');
INSERT INTO `bomb_record` VALUES (67, 6, 3, 0, '你给作品：《TVアニメ「世話やきキツネの仙狐さん」OP》打赏了5猫爪', '2019-08-21 15:55:11');
INSERT INTO `bomb_record` VALUES (68, 3, 6, 149, '你的作品：《TVアニメ「世話やきキツネの仙狐さん」OP》被打赏3猫爪', '2019-08-21 10:06:55');
INSERT INTO `bomb_record` VALUES (69, 6, 3, 0, '你给作品：《TVアニメ「世話やきキツネの仙狐さん」OP》打赏了3猫爪', '2019-08-23 09:43:42');
INSERT INTO `bomb_record` VALUES (70, 3, 6, 149, '你的作品：《TVアニメ「世話やきキツネの仙狐さん」OP》被打赏10猫爪', '2019-08-22 10:24:34');
INSERT INTO `bomb_record` VALUES (71, 6, 3, 0, '你给作品：《TVアニメ「世話やきキツネの仙狐さん」OP》打赏了10猫爪', '2019-08-22 09:23:21');
INSERT INTO `bomb_record` VALUES (72, 3, 6, 149, '你的作品：《TVアニメ「世話やきキツネの仙狐さん」OP》被打赏10猫爪', '2019-08-23 14:18:08');
INSERT INTO `bomb_record` VALUES (73, 6, 3, 0, '你给作品：《TVアニメ「世話やきキツネの仙狐さん」OP》打赏了10猫爪', '2019-08-24 16:17:03');
INSERT INTO `bomb_record` VALUES (74, 3, 6, 149, '你的作品：《TVアニメ「世話やきキツネの仙狐さん」OP》被打赏10猫爪', '2019-08-25 09:13:45');
INSERT INTO `bomb_record` VALUES (75, 6, 3, 0, '你给作品：《TVアニメ「世話やきキツネの仙狐さん」OP》打赏了10猫爪', '2019-08-25 16:30:33');
INSERT INTO `bomb_record` VALUES (76, 1, NULL, 198, '登录成功加5猫爪', '2019-08-26 15:28:22');
INSERT INTO `bomb_record` VALUES (77, 1, NULL, 198, '登录成功加5猫爪', '2019-08-26 16:17:14');
INSERT INTO `bomb_record` VALUES (78, 1, NULL, 198, '登录成功加5猫爪', '2019-08-28 09:17:14');
INSERT INTO `bomb_record` VALUES (79, 1, NULL, 198, '登录成功加5猫爪', '2019-08-27 14:16:50');
INSERT INTO `bomb_record` VALUES (101, 1, NULL, 198, '登录成功加5猫爪', '2019-09-09 09:45:27');
INSERT INTO `bomb_record` VALUES (102, 1, NULL, 198, '登录成功加5猫爪', '2019-09-09 10:39:46');

-- ----------------------------
-- Table structure for comment_info
-- ----------------------------
DROP TABLE IF EXISTS `comment_info`;
CREATE TABLE `comment_info`  (
  `comment_id` int(255) NOT NULL AUTO_INCREMENT,
  `uid` int(255) NULL DEFAULT NULL,
  `work_id` int(255) NULL DEFAULT NULL,
  `comment_time` timestamp NULL DEFAULT CURRENT_TIMESTAMP,
  `comment_details` varchar(255) CHARACTER SET utf8 COLLATE utf8_general_ci NULL DEFAULT NULL,
  `another_uid` int(255) NULL DEFAULT NULL,
  PRIMARY KEY (`comment_id`) USING BTREE,
  INDEX `fk_uid`(`uid`) USING BTREE,
  INDEX `fk_work_id`(`work_id`) USING BTREE,
  INDEX `fk_another_uid`(`another_uid`) USING BTREE
) ENGINE = MyISAM AUTO_INCREMENT = 40 CHARACTER SET = utf8 COLLATE = utf8_general_ci ROW_FORMAT = Dynamic;

-- ----------------------------
-- Records of comment_info
-- ----------------------------
INSERT INTO `comment_info` VALUES (1, 1, 17, '2019-08-27 20:04:43', 'hhhhhhhhhhhhhh', 1);
INSERT INTO `comment_info` VALUES (2, 1, 17, '2019-08-27 20:07:58', '23333', 1);
INSERT INTO `comment_info` VALUES (3, 1, 17, '2019-08-27 20:12:22', '11111', 1);
INSERT INTO `comment_info` VALUES (4, 1, 17, '2019-08-27 20:16:25', '2222', 1);
INSERT INTO `comment_info` VALUES (14, 1, 17, '2019-08-27 22:28:54', '555', 1);
INSERT INTO `comment_info` VALUES (13, 1, 17, '2019-08-27 22:27:11', '444', 1);
INSERT INTO `comment_info` VALUES (12, 1, 17, '2019-08-27 22:26:43', '大家好', 1);
INSERT INTO `comment_info` VALUES (11, 1, 17, '2019-08-27 22:24:49', '你们好', 1);
INSERT INTO `comment_info` VALUES (15, 1, 17, '2019-08-27 22:29:16', '666', 1);
INSERT INTO `comment_info` VALUES (34, 2, 28, '2019-09-03 21:22:23', '123131313', 1);
INSERT INTO `comment_info` VALUES (17, 1, 17, '2019-08-27 22:33:52', '888', 1);
INSERT INTO `comment_info` VALUES (37, 1, 5, '2019-09-09 09:46:00', '你好1', 2);
INSERT INTO `comment_info` VALUES (19, 1, 17, '2019-08-27 22:38:09', '1', 1);
INSERT INTO `comment_info` VALUES (20, 1, 4, '2019-08-28 08:54:41', '666', 1);
INSERT INTO `comment_info` VALUES (21, 1, 4, '2019-08-28 10:23:59', '你好', 1);
INSERT INTO `comment_info` VALUES (22, 1, 11, '2019-08-28 22:53:42', '888', 5);
INSERT INTO `comment_info` VALUES (23, 1, 11, '2019-08-29 09:42:46', '你好', 5);
INSERT INTO `comment_info` VALUES (24, 1, 23, '2019-08-29 09:48:23', '你好', 1);
INSERT INTO `comment_info` VALUES (25, 1, 6, '2019-08-29 09:48:46', 'hello', 2);
INSERT INTO `comment_info` VALUES (26, 1, 10, '2019-08-29 09:54:55', '111', 4);
INSERT INTO `comment_info` VALUES (27, 2, 4, '2019-08-29 09:59:14', '111', 1);
INSERT INTO `comment_info` VALUES (28, 6, 5, '2019-08-29 22:05:10', 'nmsl', 2);
INSERT INTO `comment_info` VALUES (29, 6, 5, '2019-08-29 22:05:19', '666', 2);
INSERT INTO `comment_info` VALUES (30, 6, 5, '2019-08-29 22:06:08', '舒服了', 2);
INSERT INTO `comment_info` VALUES (31, 6, 5, '2019-08-29 22:06:16', '1111', 2);
INSERT INTO `comment_info` VALUES (32, 6, 4, '2019-08-29 22:08:04', '我好了', 1);
INSERT INTO `comment_info` VALUES (33, 1, 5, '2019-08-30 16:40:24', '22', 2);
INSERT INTO `comment_info` VALUES (35, 1, 28, '2019-09-03 21:23:32', 'opop', 1);
INSERT INTO `comment_info` VALUES (36, 1, 5, '2019-09-08 18:51:53', '你好', 2);
INSERT INTO `comment_info` VALUES (38, 1, 5, '2019-09-11 15:05:24', '1111', 2);
INSERT INTO `comment_info` VALUES (39, 1, 5, '2019-09-11 15:20:51', '222', 2);

-- ----------------------------
-- Table structure for private_info
-- ----------------------------
DROP TABLE IF EXISTS `private_info`;
CREATE TABLE `private_info`  (
  `private_id` int(255) NOT NULL AUTO_INCREMENT,
  `uid` int(255) NOT NULL,
  `another_uid` int(255) NOT NULL,
  `letter_content` varchar(255) CHARACTER SET utf8 COLLATE utf8_general_ci NULL DEFAULT NULL,
  `state` int(4) NULL DEFAULT 0,
  `msg_time` timestamp NULL DEFAULT CURRENT_TIMESTAMP,
  PRIMARY KEY (`private_id`) USING BTREE,
  INDEX `fk_uid`(`uid`) USING BTREE
) ENGINE = MyISAM AUTO_INCREMENT = 11 CHARACTER SET = utf8 COLLATE = utf8_general_ci ROW_FORMAT = Dynamic;

-- ----------------------------
-- Records of private_info
-- ----------------------------
INSERT INTO `private_info` VALUES (1, 1, 2, '你好', 0, '2019-08-22 19:24:32');
INSERT INTO `private_info` VALUES (2, 1, 2, 'hello', 0, '2019-08-22 17:39:29');
INSERT INTO `private_info` VALUES (3, 2, 0, '', 0, '2019-08-22 19:38:15');
INSERT INTO `private_info` VALUES (4, 2, 1, '你也好', 0, '2019-08-22 19:47:23');
INSERT INTO `private_info` VALUES (5, 1, 1, '33', 0, '2019-08-30 16:40:57');
INSERT INTO `private_info` VALUES (6, 1, 2, '33', 0, '2019-08-30 16:41:04');
INSERT INTO `private_info` VALUES (7, 1, 2, '你好', 0, '2019-09-08 19:02:48');
INSERT INTO `private_info` VALUES (8, 1, 3, '222', 0, '2019-09-09 09:47:26');
INSERT INTO `private_info` VALUES (9, 1, 3, '你好', 0, '2019-09-11 15:07:02');
INSERT INTO `private_info` VALUES (10, 1, 2, '1111', 0, '2019-09-11 15:22:08');

-- ----------------------------
-- Table structure for user
-- ----------------------------
DROP TABLE IF EXISTS `user`;
CREATE TABLE `user`  (
  `uid` int(255) NOT NULL AUTO_INCREMENT,
  `email` varchar(255) CHARACTER SET utf8 COLLATE utf8_general_ci NOT NULL,
  `nickname` varchar(255) CHARACTER SET utf8 COLLATE utf8_general_ci NULL DEFAULT NULL,
  `password` varchar(255) CHARACTER SET utf8 COLLATE utf8_general_ci NOT NULL,
  `register_time` timestamp NULL DEFAULT CURRENT_TIMESTAMP,
  `describe` varchar(255) CHARACTER SET utf8 COLLATE utf8_general_ci NULL DEFAULT NULL,
  `head_image` varchar(255) CHARACTER SET utf8 COLLATE utf8_general_ci NULL DEFAULT NULL,
  PRIMARY KEY (`uid`, `email`) USING BTREE,
  INDEX `uid`(`uid`) USING BTREE
) ENGINE = MyISAM AUTO_INCREMENT = 1114 CHARACTER SET = utf8 COLLATE = utf8_general_ci ROW_FORMAT = Dynamic;

-- ----------------------------
-- Records of user
-- ----------------------------
INSERT INTO `user` VALUES (2, '6666@qq.com', 'MIO', '123', '2019-08-19 21:53:05', 'hello', '30bfa8a1-8959-4bda-ad0c-117700c13b14.jpg');
INSERT INTO `user` VALUES (1, '2500861530@qq.com', 'UKOU', '111', '2019-07-27 15:19:52', 'hello', '1c70bf00-f987-41b6-ba97-030dd91e385c.jpg');
INSERT INTO `user` VALUES (3, '111@136.com', '111', '111', '2019-08-26 11:22:13', NULL, 'f5270325-4287-4c9d-bc23-d3a7364024e4.jpg');
INSERT INTO `user` VALUES (4, '222@gmail.com', '222', '222', '2019-08-26 11:27:47', NULL, '73234ad7-7dcb-4ee9-b933-bece95ddb105.jpg');
INSERT INTO `user` VALUES (5, '333@169.com', '333', '333', '2019-08-26 11:32:47', NULL, '7e96ed10-ffd2-4b4b-b7d6-108fd6b9fed7.jpg');
INSERT INTO `user` VALUES (6, '1@qq.com', 'wh', '111', '2019-08-29 14:53:23', NULL, '6648ff71-5686-4ed9-90d4-02db4461c8b6.jpg');

-- ----------------------------
-- Table structure for works_info
-- ----------------------------
DROP TABLE IF EXISTS `works_info`;
CREATE TABLE `works_info`  (
  `work_id` int(255) UNSIGNED ZEROFILL NOT NULL AUTO_INCREMENT,
  `uid` int(255) NOT NULL,
  `work_title` varchar(255) CHARACTER SET utf8 COLLATE utf8_general_ci NOT NULL,
  `look_count` int(255) NULL DEFAULT 0,
  `download_count` int(255) NULL DEFAULT 0,
  `bomb_count` int(255) NULL DEFAULT 0,
  `work_digest` varchar(255) CHARACTER SET utf8 COLLATE utf8_general_ci NULL DEFAULT NULL,
  `work_content` varchar(2555) CHARACTER SET utf8 COLLATE utf8_general_ci NULL DEFAULT NULL,
  `work_background` varchar(255) CHARACTER SET utf8 COLLATE utf8_general_ci NULL DEFAULT NULL,
  `disk_url` varchar(255) CHARACTER SET utf8 COLLATE utf8_general_ci NOT NULL,
  `disk_pwd` varchar(255) CHARACTER SET utf8 COLLATE utf8_general_ci NULL DEFAULT NULL,
  `disk_zip_pwd` varchar(255) CHARACTER SET utf8 COLLATE utf8_general_ci NULL DEFAULT NULL,
  `type_name` varchar(255) CHARACTER SET utf8 COLLATE utf8_general_ci NULL DEFAULT NULL,
  `work_from` varchar(255) CHARACTER SET utf8 COLLATE utf8_general_ci NULL DEFAULT NULL,
  `work_time` timestamp NOT NULL DEFAULT CURRENT_TIMESTAMP,
  PRIMARY KEY (`work_id`) USING BTREE,
  INDEX `fk_uid`(`uid`) USING BTREE,
  INDEX `fk_type_name`(`type_name`) USING BTREE
) ENGINE = MyISAM AUTO_INCREMENT = 35 CHARACTER SET = utf8 COLLATE = utf8_general_ci ROW_FORMAT = Dynamic;

-- ----------------------------
-- Records of works_info
-- ----------------------------
INSERT INTO `works_info` VALUES (000000000000000000000000000000000000000000000000000000000000000000000000000000000000000000000000000000000000000000000000000000000000000000000000000000000000000000000000000000000000000000000000000000000000000000000000000000000000000000000000000000000000003, 1, '【Vocaloid自抓】k_zero+A – まざる [FLAC+WAV整轨]', 1, 0, 2, 'k_zero+A 于2011年发布的第一张个人全曲目收录专辑，看起来有点冷门但曲子非常不错，\r\n专辑目前在虎穴有售，包含黑白两张碟共24首曲子，真是相当良心', '专辑详细：vocadb\r\n\r\n白盘曲目推荐：ユキフル、Re:al1\r\n\r\n黑盘曲目推荐：ある夜の待ちぼうけ街', '76e411bb-e7e1-4714-9542-c533990c1ab3.jpg', 'https://pan.baidu.com/share/init?surl=BK28w3IJEBooxsOcaqdyUA', 'i096', 'www.acgjc.com', 'ACG动漫', '原创', '2019-08-22 08:42:45');
INSERT INTO `works_info` VALUES (000000000000000000000000000000000000000000000000000000000000000000000000000000000000000000000000000000000000000000000000000000000000000000000000000000000000000000000000000000000000000000000000000000000000000000000000000000000000000000000000000000000000004, 1, '《来自多彩世界的明天》DVD特典附赠曲【无损】', 61, 6, 36, '毕竟音源只有CD品质，这次姑且上传的是flac格式的[44100Hz][1000Kbs]。封面用的是特典里的图集。', '因为是从DVD特典中抓取的附赠歌曲，所以可以称得上是超级稀缺资源，咱们漫音社应该是全网首发。为了买DVD，整个暑假可以称得上是呕心沥血——( •̥́ ˍ •̀ू )嘤嘤嘤~，所以还请麻烦大家积极评论 (✧◡✧)。\r\n\r\n最后，我想说的是：浅葱酱天下第一｡ﾟ(ﾟ≧□≦ﾟ)ﾟ｡', '2e207b75-a154-45bd-aa7e-c21b40bd2c64.jpg', 'https://pan.baidu.com/share/init?surl=upffiLeVJaVbFEXN6jaaug', '9aqj', '', 'ACG音乐', '原创', '2019-08-22 08:50:02');
INSERT INTO `works_info` VALUES (000000000000000000000000000000000000000000000000000000000000000000000000000000000000000000000000000000000000000000000000000000000000000000000000000000000000000000000000000000000000000000000000000000000000000000000000000000000000000000000000000000000000005, 2, '《辉夜大小姐想让我告白～天才们的恋爱头脑战～》ED', 46, 4, 75, 'HALCA - センチメンタルクライシス.flac', '《辉夜大小姐想让我告白～天才们的恋爱头脑战～》ED', 'c6dcd76c-3f5b-4996-b967-e4ef24d19940.jpg', 'https://pan.baidu.com/share/init?surl=dqEFEgPv6VpmBng68CdEcA', ' 3w8t', '', 'ACG动漫', '原创', '2019-08-22 08:57:37');
INSERT INTO `works_info` VALUES (000000000000000000000000000000000000000000000000000000000000000000000000000000000000000000000000000000000000000000000000000000000000000000000000000000000000000000000000000000000000000000000000000000000000000000000000000000000000000000000000000000000000006, 2, '[Hi-Res][mora自购][Claris – シグナル][96.0kHz/24bit]', 2, 0, 56, '8說了，開衝！', '[Hi-Res][mora自购][Claris – シグナル][96.0kHz/24bit]', 'a46785d6-c5c2-4121-9492-6b5a871b8a43.jpg', 'https://pan.baidu.com/share/init?surl=0aeQbNmDXDeGvpzmvQvhqg', '9fcf', '', 'ACG音乐', '原创', '2019-08-22 09:04:21');
INSERT INTO `works_info` VALUES (000000000000000000000000000000000000000000000000000000000000000000000000000000000000000000000000000000000000000000000000000000000000000000000000000000000000000000000000000000000000000000000000000000000000000000000000000000000000000000000000000000000000007, 3, 'TVアニメ「世話やきキツネの仙狐さん」OP', 23, 0, 147, '最近大多數去了日本公幹沒有太多時間 不過我也想分享一下	', '1.今宵mofumofu!!\r\n\r\n2.もっふもふ DE よいのじゃよ\r\n\r\n3.今宵mofumofu!!(instrumental)\r\n\r\n4.もっふもふ DE よいのじゃよ(instrumental)', '27b274cb-5966-424e-bc53-876ba3aaf885.jpg', 'https://pan.baidu.com/share/init?surl=KAcVuxJjaWsMAEgla5Kk4Q', 'oibb', '', 'ACG音乐', '原创', '2019-08-26 11:24:40');
INSERT INTO `works_info` VALUES (000000000000000000000000000000000000000000000000000000000000000000000000000000000000000000000000000000000000000000000000000000000000000000000000000000000000000000000000000000000000000000000000000000000000000000000000000000000000000000000000000000000000008, 3, '【自购】盾之勇者成名录ed2 藤川千愛-あたしが隣にいるうちに', 0, 0, 9, '盾之勇者成名录ed2 ', '藤川千愛-あたしが隣にいるうちに', 'ab14de3c-f854-48b0-80d5-9abccc09f907.jpg', 'https://pan.baidu.com/share/init?surl=uaJRG_5Qjk9PzRrF1nROYg', 'fw5j', '', 'ACG动漫', '原创', '2019-08-26 11:26:38');
INSERT INTO `works_info` VALUES (000000000000000000000000000000000000000000000000000000000000000000000000000000000000000000000000000000000000000000000000000000000000000000000000000000000000000000000000000000000000000000000000000000000000000000000000000000000000000000000000000000000000009, 4, '[Hi-Res]キャロル&チューズデイ(Vo.Nai Br.XX&Celeina Ann) – The Loneliest Girl', 0, 0, 5, '嗯，看了一下，没人发就自己分享个和朋友买的吧。禁转，谢谢。	', '目前放弃使用度盘了，转用mega和google和onedrive，暂不考虑度盘，访问不了的话就用微云凑合下吧。', '5ba02a33-e59f-483c-a7a5-778782cadd8f.jpg', 'https://share.weiyun.com/5ypuzJv', '77EE', '', 'ACG动漫', '原创', '2019-08-26 11:29:47');
INSERT INTO `works_info` VALUES (000000000000000000000000000000000000000000000000000000000000000000000000000000000000000000000000000000000000000000000000000000000000000000000000000000000000000000000000000000000000000000000000000000000000000000000000000000000000000000000000000000000000010, 4, 'God of War OST (战神4原声带）', 2, 0, 67, '索尼精选，年度游戏Hires原声', 'Hires 原声带，听了就想买游戏= =', 'bb071a8d-a9e6-4955-9441-282584a21a48.jpg', 'https://pan.baidu.com/s/1PM9nfkaLwP7YrFkZJ1UflA', '2ian', '', 'ACG游戏', '原创', '2019-08-26 11:31:24');
INSERT INTO `works_info` VALUES (000000000000000000000000000000000000000000000000000000000000000000000000000000000000000000000000000000000000000000000000000000000000000000000000000000000000000000000000000000000000000000000000000000000000000000000000000000000000000000000000000000000000011, 5, 'Hi-res鬼泣五Devil May Cry5 nelo战斗主题曲', 10, 0, 42, '鬼泣五', '战斗主题曲', '00203e8c-aafc-4385-bcc0-79b1ac5eeaa8.jpg', 'https://pan.baidu.com/s/1tnxnpDriLiKuBuQl-osQ1Q', 'yph8', '', 'ACG游戏', '原创', '2019-08-26 11:34:38');
INSERT INTO `works_info` VALUES (000000000000000000000000000000000000000000000000000000000000000000000000000000000000000000000000000000000000000000000000000000000000000000000000000000000000000000000000000000000000000000000000000000000000000000000000000000000000000000000000000000000000012, 5, '异度之刃2OST 豪华版', 0, 0, 21, ' mora Hi-res版，包括实体Disc 6和黄金国的无损	', '包括Mora版105首Hi-res(96KHz-24bit flac), 实体豪华版版全六张碟（wav），还有黄金国的Mora资源，非常全，打包一起，一定要用7-zip解压，总共16个G，有问题邮箱联系我：bluedad231wzy@gmail.com，我会尽量满足要求或者补链。', '6b1989f0-126b-4094-9a3a-69ace6db24ff.jpg', 'https://pan.baidu.com/share/init?surl=GiUt3d8mQTVm5LlRQ3QOaw', 'a8vg', '', 'ACG游戏', '原创', '2019-08-26 11:36:12');
INSERT INTO `works_info` VALUES (000000000000000000000000000000000000000000000000000000000000000000000000000000000000000000000000000000000000000000000000000000000000000000000000000000000000000000000000000000000000000000000000000000000000000000000000000000000000000000000000000000000000013, 5, '(画集) [ケロQ] 素晴らしき日々 ～不連続存在～', 0, 0, 21, '『素晴らしき日々 ～不连続存在～』 是游戏公司ケロQ 于2010年3月26日推出的一款游戏。', '人啊，幸福的生活吧！', 'bb72e259-6980-494c-8677-0859b0cf51fe.jpg', 'https://pan.baidu.com/share/init?surl=NZofvdkqAu3FmopL2wvWkg', 'cota', '', 'ACG图片', '原创', '2019-08-26 14:03:59');
INSERT INTO `works_info` VALUES (000000000000000000000000000000000000000000000000000000000000000000000000000000000000000000000000000000000000000000000000000000000000000000000000000000000000000000000000000000000000000000000000000000000000000000000000000000000000000000000000000000000000014, 1, '明日方舟CG集（7-9更新！）', 0, 0, 11, ' 全部剧情背景（除了剧情也没有地方放图片了吧）	', '全部都是原图画质，这个↑模糊是剧情内需要（把玩家的注意力吸引到阿米娅身上）\r\n\r\n不定时更新，但一定随客户端更新\r\n\r\n插一嘴，7-9更新客户端之后我发现以前也漏掉了一些，就一起发上来了，网盘链接更新！', '6c4d569e-2172-4df9-9138-4f7feef1dbbd.jpg', 'https://pan.baidu.com/share/init?surl=iQqPCNiWh_xk6Rw28RsjpA', '6mir', '', 'ACG图片', '原创', '2019-08-26 14:08:00');
INSERT INTO `works_info` VALUES (000000000000000000000000000000000000000000000000000000000000000000000000000000000000000000000000000000000000000000000000000000000000000000000000000000000000000000000000000000000000000000000000000000000000000000000000000000000000000000000000000000000000015, 1, '5年目の放課後(カントク)[56Work / 10.8g]', 2, 0, 11, '5年目の放課後', '', '4cec50b3-c606-4e64-addc-83d962321459.jpg', 'https://pan.baidu.com/share/init?surl=iBlQpW-jFrw9rB5KJQ8cxw', '977j', '', 'ACG图片', '原创', '2019-08-26 14:10:33');
INSERT INTO `works_info` VALUES (000000000000000000000000000000000000000000000000000000000000000000000000000000000000000000000000000000000000000000000000000000000000000000000000000000000000000000000000000000000000000000000000000000000000000000000000000000000000000000000000000000000000016, 2, '信长之野望游戏音乐', 0, 0, 53, '创造等会放出，正在上传AIFF版本', '目前这套有\r\n\r\n山下康介_-_信長の野望_至上音盤__(2wav+cue+log+bk)\r\n\r\n山下康介-信長の野望 天道 OST [090918][KCS-3041](FLAC+CUE+BK)\r\n\r\n山下康介、菅野よう子-信長の野望 究極音盤 [990303][KECH-1147](2flac+cue+jpg)\r\n\r\n信長の野望・革新 オリジナルサウンドトラック∕山下康介(tak+cue)\r\n\r\n菅野よう子-信長の野望 戦国群雄伝 OST [890425][KCS-001](FLAC+CUE+LOG+BK)\r\n\r\n菅野よう子-信長の野望 天翔記 OST [941219][KECH-1077](FLAC+CUE+BK)\r\n\r\n菅野よう子-信長の野望 武将風雲録 OST [901125][KECH-1007](FLAC+CUE+LOG+BK)\r\n\r\n菅野よう子-信長の野望 覇王伝 OST [921221][KCS-018](FLAC+CUE+BK)\r\n\r\n菅野よう子-真.信長伝説 OST [911221][KECH-1021](flac+cue+log+bk)\r\n\r\n菅野よう子-真.信長伝説2 OST [950325][KECH-1083](flac+cue+log)\r\n\r\n菅野よう子、山下康介、川井憲次-信長の野望 Sound History [031022][KECH-1245](FLAC+CUE+BK)', 'e7f26905-8ef3-4ad5-958f-3a6f1290e70f.jpg', 'http://pan.baidu.com/s/1bSPN1W', 'aes2', '', 'ACG游戏', '原创', '2019-08-26 14:21:09');
INSERT INTO `works_info` VALUES (000000000000000000000000000000000000000000000000000000000000000000000000000000000000000000000000000000000000000000000000000000000000000000000000000000000000000000000000000000000000000000000000000000000000000000000000000000000000000000000000000000000000017, 2, '《四月是你的谎言》 OST ', 1, 0, 176, ' 催人泪下，需要介绍么', '《四月是你的谎言》是由日本漫画家新川直司作画的漫画\r\n\r\n故事简介：\r\n\r\n        有马公生原本是音乐界的天才少年，但在11岁时的秋天、因母亲过世后就变得无法弹奏钢琴。对于毫无目标的他来说，日常的生活就像是单调、没有颜色的乐谱。', '357104f4-1d9a-46e3-81ad-d749a003b6b3.jpg', 'https://pan.baidu.com/share/init?surl=c1YCE2k', 'dmkx', '', 'ACG动漫', '原创', '2019-08-26 14:24:20');
INSERT INTO `works_info` VALUES (000000000000000000000000000000000000000000000000000000000000000000000000000000000000000000000000000000000000000000000000000000000000000000000000000000000000000000000000000000000000000000000000000000000000000000000000000000000000000000000000000000000000018, 1, '未闻花名（TVアニメ）', 0, 0, 11, '蓝光资源。11集mkv+字幕（不含剧场版）', '見つけた!めんま!!', '6c068abb-599c-4450-8e23-6ec25f13e206.jpg', 'https://pan.baidu.com/share/init?surl=czdvOMx8gVI8tA1aiht2Ew', '20t7', '', 'ACG动漫', '原创', '2019-08-28 15:29:05');
INSERT INTO `works_info` VALUES (000000000000000000000000000000000000000000000000000000000000000000000000000000000000000000000000000000000000000000000000000000000000000000000000000000000000000000000000000000000000000000000000000000000000000000000000000000000000000000000000000000000000019, 1, '游戏人生 zero', 0, 0, 22, ' 游戏人生剧场版 1080P	', '游戏人生前传\r\n\r\n最强的人类夫妇，尽管从未取得胜利\r\n\r\n“我所祈愿的，只是与你一起活下去”\r\n\r\n这是在距今超过六千年的远古编织而成的通往“最新神话”的“最初神话”。没有留下记录也没有留下记忆，没有对任何人诉说过的物语，现在开幕——', 'd83f8fad-ccdd-48c5-bc88-3767dec90560.jpg', 'https://pan.baidu.com/share/init?surl=zKH0d4eXGVDIg6RPpRJviQ', 'lkfl', '', 'ACG动漫', '原创', '2019-08-28 15:31:17');
INSERT INTO `works_info` VALUES (000000000000000000000000000000000000000000000000000000000000000000000000000000000000000000000000000000000000000000000000000000000000000000000000000000000000000000000000000000000000000000000000000000000000000000000000000000000000000000000000000000000000020, 1, '文豪野犬（第二季）', 0, 0, 3, '《文豪野犬》第二季 MP4', '《文豪野犬》是由朝雾卡夫卡（朝雾カフカ）担当原作，春河35负责作画，自2013年1月号起在角川书店旗下月刊漫画杂志《YOUNG ACE》上连载的漫画作品。该作品讲述了以历史上文豪为原型的人物使用异能力战斗的故事。\r\n\r\n万般皆注定，身入此镇中——\r\n\r\n一场引人入胜的故事由此揭开——\r\n\r\n这是，太宰治加入“武装侦探社”之前的故事——。', '85a4f7ba-4603-444b-af0a-ab2ae25e4cc7.jpg', 'https://pan.baidu.com/s/1JPxT2OU9C4to1OECNcyPEw', '8ryn', '', 'ACG动漫', '原创', '2019-08-28 15:32:35');
INSERT INTO `works_info` VALUES (000000000000000000000000000000000000000000000000000000000000000000000000000000000000000000000000000000000000000000000000000000000000000000000000000000000000000000000000000000000000000000000000000000000000000000000000000000000000000000000000000000000000021, 1, 'MD！阿库娅！（アニメ）两季+ova', 0, 0, 55, ' このすば！（滑稽）', '阿库娅！（アニメ）两季+ova', '67453d99-a04b-4a5b-96ca-3426760d6647.jpg', 'https://pan.baidu.com/share/init?surl=BRibroL9OYhX9HEDQQEodg', 'pybc', '', 'ACG动漫', '原创', '2019-08-28 15:34:45');
INSERT INTO `works_info` VALUES (000000000000000000000000000000000000000000000000000000000000000000000000000000000000000000000000000000000000000000000000000000000000000000000000000000000000000000000000000000000000000000000000000000000000000000000000000000000000000000000000000000000000022, 2, '自购 豚乙女的碟子', 0, 0, 22, '自购 豚乙女的碟子<東方音ゲーBEST>', '自购 豚乙女的碟子<東方音ゲーBEST>', '322eecbc-b24b-4c64-85b9-cec7b7448354.jpg', 'https://pan.baidu.com/share/init?surl=Baw8CnfEiK8zMghICwoq1g', '3fcv', '', 'ACG音乐', '原创', '2019-08-28 15:37:14');
INSERT INTO `works_info` VALUES (000000000000000000000000000000000000000000000000000000000000000000000000000000000000000000000000000000000000000000000000000000000000000000000000000000000000000000000000000000000000000000000000000000000000000000000000000000000000000000000000000000000000023, 1, '[180207] ましのみ 1stアルバム「ぺっとぼとリテラシー」 [ FLAC / MP3 ]', 3, 0, 11, '推荐曲目：#6，7，9，10. 可使用QQ Music（翻译良好），网易云音乐（源），AIMP，Fobar2000，Media Go，播放。下载的话，建议使用Pandownload。 以下是专辑信息。（源QQ Music）', '专辑名：ぺっとぼとリテラシー(通常盤) (如宠儿般的素养)', '106581b7-b947-4de7-94f6-345e6e355bb8.jpg', 'https://pan.baidu.com/share/init?surl=R3MNJF_rQGxZMkJZowE48Q', '06ee', '', 'ACG音乐', '原创', '2019-08-28 15:38:32');
INSERT INTO `works_info` VALUES (000000000000000000000000000000000000000000000000000000000000000000000000000000000000000000000000000000000000000000000000000000000000000000000000000000000000000000000000000000000000000000000000000000000000000000000000000000000000000000000000000000000000024, 2, '关取花（関取花）THE', 2, 0, 46, '录音很棒的专，特别是第一首的 はじめ', '关取花', '14ab871e-74f9-412d-b13d-ef78376d0353.jpg', 'https://pan.baidu.com/share/init?surl=ATAwaB6mRRrqq1vCtc0aQw', 'xavd', '', 'ACG音乐', '原创', '2019-08-28 15:40:16');
INSERT INTO `works_info` VALUES (000000000000000000000000000000000000000000000000000000000000000000000000000000000000000000000000000000000000000000000000000000000000000000000000000000000000000000000000000000000000000000000000000000000000000000000000000000000000000000000000000000000000025, 1, 'コン狐との日常 （滑稽）', 0, 0, 111, ' gentleman ps :无汉化。全日文。', ' gentleman ps :无汉化。全日文。', '6d5b1fff-bccd-42cf-838e-2761cf410e55.jpg', 'https://pan.baidu.com/share/init?surl=8BaOaxAgzag7IjHeTW1qYg', '4cia', 'www.acgjc.com', 'ACG游戏', '原创', '2019-08-28 15:43:13');
INSERT INTO `works_info` VALUES (000000000000000000000000000000000000000000000000000000000000000000000000000000000000000000000000000000000000000000000000000000000000000000000000000000000000000000000000000000000000000000000000000000000000000000000000000000000000000000000000000000000000026, 2, '《圣骑士之战 Xrd REV 2》5月25日登录PS4平台', 0, 0, 22, 'ARC SYSTEM WORKS旗下代表格斗游戏之一的《圣骑士之战》系列', '终于推出了系列最新作“Xrd REV 2”版本，并决定在5月25日登录PS4平台，至于PS3平台则只支援DLC升级版本。其完整游戏介绍影像也在昨日得到公开，玩家可以从中了解到更多游戏相关内容。', 'e315d9e3-3e8b-400e-9740-1156f0ade622.jpg', 'www', '1111', '', 'ACG游戏', '原创', '2019-08-28 15:46:38');
INSERT INTO `works_info` VALUES (000000000000000000000000000000000000000000000000000000000000000000000000000000000000000000000000000000000000000000000000000000000000000000000000000000000000000000000000000000000000000000000000000000000000000000000000000000000000000000000000000000000000027, 1, 'P站美图推荐[108P]', 0, 0, 34, '按約定破百更新第四彈', 'P站美图推荐[108P]', '56abfc13-5022-463b-adba-7ab3106d9371.jpg', 'https://pan.baidu.com/share/init?surl=Iqi5eY0Bg49oyA6cm5jnFA', 'e0i2', '', 'ACG图片', '原创', '2019-08-28 15:48:20');
INSERT INTO `works_info` VALUES (000000000000000000000000000000000000000000000000000000000000000000000000000000000000000000000000000000000000000000000000000000000000000000000000000000000000000000000000000000000000000000000000000000000000000000000000000000000000000000000000000000000000028, 1, 'P站美图推荐[183P]', 4, 0, 84, ' 闲着无聊啊！ 趁着空闲整理一下图包，逛P站发现许多精品图包，就这样更新萌图吧。', '最后说一下，我是收集了不同画师的作品、并不是画师作品合集。', 'a31da91d-f7a5-4f8c-9807-e242a1a1d0a5.png', 'https://pan.baidu.com/share/init?surl=vikR75L83Ym5iIrnDV1mTA', 'duhq', '', 'ACG图片', '原创', '2019-08-28 15:50:01');
INSERT INTO `works_info` VALUES (000000000000000000000000000000000000000000000000000000000000000000000000000000000000000000000000000000000000000000000000000000000000000000000000000000000000000000000000000000000000000000000000000000000000000000000000000000000000000000000000000000000000029, 2, '一些动漫壁纸', 0, 0, 25, ' 第一次发这个…有兴趣可以看一下	\r\n', '一些动漫壁纸', '4292ea63-838c-43b3-b125-37174f714e7d.jpg', 'https://pan.baidu.com/s/1mih77Bi', '', '', 'ACG图片', '原创', '2019-08-28 15:51:18');
INSERT INTO `works_info` VALUES (000000000000000000000000000000000000000000000000000000000000000000000000000000000000000000000000000000000000000000000000000000000000000000000000000000000000000000000000000000000000000000000000000000000000000000000000000000000000000000000000000000000000032, 1, '《四月是你的谎言》 OST ', 0, 0, 0, '11', '1111', 'f2d91c87-7bb4-4b61-a758-dcaa6ab4b095.jpg', '1', '1', '1', 'ACG动漫', '原创', '2019-09-09 09:46:38');
INSERT INTO `works_info` VALUES (000000000000000000000000000000000000000000000000000000000000000000000000000000000000000000000000000000000000000000000000000000000000000000000000000000000000000000000000000000000000000000000000000000000000000000000000000000000000000000000000000000000000033, 1, '11111', 0, 0, 0, '11111111111111111111', '11111111111111111111111', 'de4f576d-917f-4c66-9257-f6d2c5bad1d6.jpg', '11111', '111', '111', 'ACG动漫', '原创', '2019-09-11 15:06:40');
INSERT INTO `works_info` VALUES (000000000000000000000000000000000000000000000000000000000000000000000000000000000000000000000000000000000000000000000000000000000000000000000000000000000000000000000000000000000000000000000000000000000000000000000000000000000000000000000000000000000000034, 1, '2222', 0, 0, 0, '2222', '2222222222222222222222222', 'd4da9227-085c-4703-8cc4-c500eac4379a.jpg', '222', '22', '', 'ACG动漫', '原创', '2019-09-11 15:21:52');

SET FOREIGN_KEY_CHECKS = 1;
